Pop Dan, popdan@yahoo.com, 1111
Pop Florin, popflorin@yahoo.com, 1111
Neamt George, neamtgeorge@yahoo.com, 1111
Hanu Florin, hanuflorin@yahoo.com,1111
Lakatos Tibor, lakatostibor@yahoo.com,1111
Veres Rebeka, veresrebeka@yahoo.com,1111
Neagrau Sebastian, neagrausebastian@yahoo.com,1111